"","Class","Curated ID","Final ID (BLASTn)","Total reads","Total abundance","Ponte_Full_2020_MCE_Reads","Ponte_Full_2020_MCE_ASVs","Ponte_Full_2020_MCE_OTUs","Ponte_Full_2020_MCE_RRA","Fundação_Full_2020_MCE_Reads","Fundação_Full_2020_MCE_ASVs","Fundação_Full_2020_MCE_OTUs","Fundação_Full_2020_MCE_RRA","Prainha_Low_2021_MCE_Reads","Prainha_Low_2021_MCE_ASVs","Prainha_Low_2021_MCE_OTUs","Prainha_Low_2021_MCE_RRA","Barragem_Low_2021_MCE_Reads","Barragem_Low_2021_MCE_ASVs","Barragem_Low_2021_MCE_OTUs","Barragem_Low_2021_MCE_RRA","Ponte_Low_2021_MCE_Reads","Ponte_Low_2021_MCE_ASVs","Ponte_Low_2021_MCE_OTUs","Ponte_Low_2021_MCE_RRA","Fundação_Low_2021_MCE_Reads","Fundação_Low_2021_MCE_ASVs","Fundação_Low_2021_MCE_OTUs","Fundação_Low_2021_MCE_RRA","Prainha_Low_2021_Sterivex_Reads","Prainha_Low_2021_Sterivex_ASVs","Prainha_Low_2021_Sterivex_OTUs","Prainha_Low_2021_Sterivex_RRA","Barragem_Low_2021_Sterivex_Reads","Barragem_Low_2021_Sterivex_ASVs","Barragem_Low_2021_Sterivex_OTUs","Barragem_Low_2021_Sterivex_RRA","Ponte_Low_2021_Sterivex_Reads","Ponte_Low_2021_Sterivex_ASVs","Ponte_Low_2021_Sterivex_OTUs","Ponte_Low_2021_Sterivex_RRA","Fundação_Low_2021_Sterivex_Reads","Fundação_Low_2021_Sterivex_ASVs","Fundação_Low_2021_Sterivex_OTUs","Fundação_Low_2021_Sterivex_RRA","Prainha_Full_2022_MCE_Reads","Prainha_Full_2022_MCE_ASVs","Prainha_Full_2022_MCE_OTUs","Prainha_Full_2022_MCE_RRA","Barragem_Full_2022_MCE_Reads","Barragem_Full_2022_MCE_ASVs","Barragem_Full_2022_MCE_OTUs","Barragem_Full_2022_MCE_RRA","Ponte_Full_2022_MCE_Reads","Ponte_Full_2022_MCE_ASVs","Ponte_Full_2022_MCE_OTUs","Ponte_Full_2022_MCE_RRA","Fundação_Full_2022_MCE_Reads","Fundação_Full_2022_MCE_ASVs","Fundação_Full_2022_MCE_OTUs","Fundação_Full_2022_MCE_RRA"
"1","Aves","Anas platyrhynchos","Anas platyrhynchos",36,36,NA,NA,NA,NA,NA,NA,NA,NA,NA,NA,NA,NA,NA,NA,NA,NA,NA,NA,NA,NA,NA,NA,NA,NA,36,1,1,0.0126,NA,NA,NA,NA,NA,NA,NA,NA,NA,NA,NA,NA,NA,NA,NA,NA,NA,NA,NA,NA,NA,NA,NA,NA,NA,NA,NA,NA
"2","Actinopteri","Astyanax bimaculatus","Astyanax bimaculatus",23034,23034,11,1,1,0.0019,NA,NA,NA,NA,NA,NA,NA,NA,NA,NA,NA,NA,NA,NA,NA,NA,NA,NA,NA,NA,10741,4,1,3.7563,82,1,1,0.0263,11972,4,1,5.0229,86,1,1,9.1979,85,1,1,0.1466,57,1,1,0.0466,NA,NA,NA,NA,NA,NA,NA,NA
"3","Actinopteri","Astyanax lacustris","Astyanax lacustris",135194,135194,12414,6,4,2.1984,54,1,1,0.1304,2432,4,4,0.5402,12514,4,4,1.7504,432,2,2,0.1027,83,2,2,0.0161,41699,10,4,14.5828,55,1,1,0.0177,65374,11,5,27.4277,41,1,1,4.385,41,1,1,0.0707,55,1,1,0.045,NA,NA,NA,NA,NA,NA,NA,NA
"4","Mammalia","Bos taurus","Bos taurus",30571,30571,3026,2,2,0.5359,NA,NA,NA,NA,4362,7,6,0.9689,NA,NA,NA,NA,727,4,2,0.1728,3,1,1,6e-04,18964,4,1,6.632,26,1,1,0.0083,3400,1,1,1.4265,13,1,1,1.3904,34,1,1,0.0586,16,1,1,0.0131,NA,NA,NA,NA,NA,NA,NA,NA
"5","Aves","Cairina moschata","Cairina moschata",20,20,NA,NA,NA,NA,NA,NA,NA,NA,NA,NA,NA,NA,NA,NA,NA,NA,NA,NA,NA,NA,NA,NA,NA,NA,NA,NA,NA,NA,NA,NA,NA,NA,20,1,1,0.0084,NA,NA,NA,NA,NA,NA,NA,NA,NA,NA,NA,NA,NA,NA,NA,NA,NA,NA,NA,NA
"6","Mammalia","Canis familiaris","Canis lupus familiaris",199,199,NA,NA,NA,NA,11,1,1,0.0266,15,2,2,0.0033,NA,NA,NA,NA,NA,NA,NA,NA,NA,NA,NA,NA,75,1,1,0.0262,15,1,1,0.0048,20,1,1,0.0084,13,1,1,1.3904,11,1,1,0.019,39,1,1,0.0319,NA,NA,NA,NA,NA,NA,NA,NA
"7","Mammalia","Capra hircus","Capra hircus",168,168,NA,NA,NA,NA,NA,NA,NA,NA,168,2,2,0.0373,NA,NA,NA,NA,NA,NA,NA,NA,NA,NA,NA,NA,NA,NA,NA,NA,NA,NA,NA,NA,NA,NA,NA,NA,NA,NA,NA,NA,NA,NA,NA,NA,NA,NA,NA,NA,NA,NA,NA,NA,NA,NA,NA,NA
"8","Mammalia","Cavia magna","Cavia magna",1053,1053,1043,2,2,0.1847,NA,NA,NA,NA,NA,NA,NA,NA,NA,NA,NA,NA,NA,NA,NA,NA,NA,NA,NA,NA,10,1,1,0.0035,NA,NA,NA,NA,NA,NA,NA,NA,NA,NA,NA,NA,NA,NA,NA,NA,NA,NA,NA,NA,NA,NA,NA,NA,NA,NA,NA,NA
"9","Actinopteri","Characidae 1","Planaltina myersi",32,32,NA,NA,NA,NA,NA,NA,NA,NA,NA,NA,NA,NA,NA,NA,NA,NA,NA,NA,NA,NA,NA,NA,NA,NA,NA,NA,NA,NA,NA,NA,NA,NA,NA,NA,NA,NA,NA,NA,NA,NA,32,1,1,0.0552,NA,NA,NA,NA,NA,NA,NA,NA,NA,NA,NA,NA
"10","Actinopteri","Characidium sp.","Characidium sp.",8,8,8,1,1,0.0014,NA,NA,NA,NA,NA,NA,NA,NA,NA,NA,NA,NA,NA,NA,NA,NA,NA,NA,NA,NA,NA,NA,NA,NA,NA,NA,NA,NA,NA,NA,NA,NA,NA,NA,NA,NA,NA,NA,NA,NA,NA,NA,NA,NA,NA,NA,NA,NA,NA,NA,NA,NA
"11","Actinopteri","Clarias gariepinus","Clarias gariepinus",1078,1078,NA,NA,NA,NA,NA,NA,NA,NA,NA,NA,NA,NA,NA,NA,NA,NA,NA,NA,NA,NA,NA,NA,NA,NA,1074,1,1,0.3756,4,1,1,0.0013,NA,NA,NA,NA,NA,NA,NA,NA,NA,NA,NA,NA,NA,NA,NA,NA,NA,NA,NA,NA,NA,NA,NA,NA
"12","Actinopteri","Colossoma macropomum","Piaractus brachypomus",30,30,NA,NA,NA,NA,NA,NA,NA,NA,3,1,1,7e-04,NA,NA,NA,NA,NA,NA,NA,NA,NA,NA,NA,NA,NA,NA,NA,NA,21,1,1,0.0067,NA,NA,NA,NA,NA,NA,NA,NA,6,1,1,0.0103,NA,NA,NA,NA,NA,NA,NA,NA,NA,NA,NA,NA
"13","Actinopteri","Coptodon rendalli","Coptodon zillii",34,1890972,NA,NA,NA,NA,NA,NA,NA,NA,NA,NA,NA,NA,34,2,2,0.0048,NA,NA,NA,NA,NA,NA,NA,NA,NA,NA,NA,NA,NA,NA,NA,NA,NA,NA,NA,NA,NA,NA,NA,NA,NA,NA,NA,NA,NA,NA,NA,NA,NA,NA,NA,NA,NA,NA,NA,NA
"14","Actinopteri","Coptodon rendalli","Tilapia rendalli",1890938,1890972,49335,2,2,8.7369,18615,2,1,44.9594,131642,11,3,29.2416,469308,15,2,65.645,332081,12,4,78.9228,494088,17,3,95.7826,87608,7,2,30.638,202706,19,7,65.0652,204,1,1,0.0856,170,1,1,18.1818,161,1,1,0.2776,105020,12,2,85.92,NA,NA,NA,NA,NA,NA,NA,NA
"15","Actinopteri","Ctenopharyngodon idella","Ctenopharyngodon idella",4217,4217,NA,NA,NA,NA,NA,NA,NA,NA,NA,NA,NA,NA,NA,NA,NA,NA,NA,NA,NA,NA,NA,NA,NA,NA,3,1,1,0.001,6,1,1,0.0019,4205,1,1,1.7642,3,1,1,0.3209,NA,NA,NA,NA,NA,NA,NA,NA,NA,NA,NA,NA,NA,NA,NA,NA
"16","Mammalia","Dasypus septemcinctus","Dasypus septemcinctus",47,47,NA,NA,NA,NA,NA,NA,NA,NA,NA,NA,NA,NA,NA,NA,NA,NA,NA,NA,NA,NA,NA,NA,NA,NA,47,1,1,0.0164,NA,NA,NA,NA,NA,NA,NA,NA,NA,NA,NA,NA,NA,NA,NA,NA,NA,NA,NA,NA,NA,NA,NA,NA,NA,NA,NA,NA
"17","Mammalia","Didelphis albiventris","Didelphis albiventris",25,25,NA,NA,NA,NA,NA,NA,NA,NA,25,2,2,0.0056,NA,NA,NA,NA,NA,NA,NA,NA,NA,NA,NA,NA,NA,NA,NA,NA,NA,NA,NA,NA,NA,NA,NA,NA,NA,NA,NA,NA,NA,NA,NA,NA,NA,NA,NA,NA,NA,NA,NA,NA,NA,NA,NA,NA
"18","Actinopteri","Eigenmannia sp.","Eigenmannia sp.",43,43,NA,NA,NA,NA,NA,NA,NA,NA,NA,NA,NA,NA,NA,NA,NA,NA,NA,NA,NA,NA,NA,NA,NA,NA,5,1,1,0.0017,NA,NA,NA,NA,23,1,1,0.0096,4,1,1,0.4278,4,1,1,0.0069,7,1,1,0.0057,NA,NA,NA,NA,NA,NA,NA,NA
"19","Actinopteri","Eigenmannia virescens","Eigenmannia virescens",94,94,NA,NA,NA,NA,NA,NA,NA,NA,NA,NA,NA,NA,7,1,1,0.001,12,2,2,0.0029,NA,NA,NA,NA,32,1,1,0.0112,6,1,1,0.0019,5,1,1,0.0021,20,1,1,2.139,9,1,1,0.0155,3,1,1,0.0025,NA,NA,NA,NA,NA,NA,NA,NA
"20","Aves","Gallus gallus","Gallus gallus",267,267,NA,NA,NA,NA,NA,NA,NA,NA,NA,NA,NA,NA,NA,NA,NA,NA,NA,NA,NA,NA,NA,NA,NA,NA,247,1,1,0.0864,NA,NA,NA,NA,20,1,1,0.0084,NA,NA,NA,NA,NA,NA,NA,NA,NA,NA,NA,NA,NA,NA,NA,NA,NA,NA,NA,NA
"21","Actinopteri","Geophagus brasiliensis","Geophagus brasiliensis",16502,16502,NA,NA,NA,NA,NA,NA,NA,NA,NA,NA,NA,NA,NA,NA,NA,NA,NA,NA,NA,NA,NA,NA,NA,NA,16461,3,2,5.7567,11,1,1,0.0035,9,1,1,0.0038,9,1,1,0.9626,12,1,1,0.0207,NA,NA,NA,NA,NA,NA,NA,NA,NA,NA,NA,NA
"22","Actinopteri","Gymnotus carapo","Gymnotus carapo",914,6421,NA,NA,NA,NA,NA,NA,NA,NA,NA,NA,NA,NA,6,1,1,8e-04,11,1,1,0.0026,5,1,1,0.001,892,2,1,0.3119,NA,NA,NA,NA,NA,NA,NA,NA,NA,NA,NA,NA,NA,NA,NA,NA,NA,NA,NA,NA,NA,NA,NA,NA,NA,NA,NA,NA
"23","Actinopteri","Gymnotus carapo","Gymnotus sylvius",5507,6421,3,1,1,5e-04,NA,NA,NA,NA,NA,NA,NA,NA,NA,NA,NA,NA,NA,NA,NA,NA,NA,NA,NA,NA,814,1,1,0.2847,NA,NA,NA,NA,4690,1,1,1.9677,NA,NA,NA,NA,NA,NA,NA,NA,NA,NA,NA,NA,NA,NA,NA,NA,NA,NA,NA,NA
"24","Actinopteri","Hemigrammus marginatus","Hemigrammus marginatus",66161,66161,66126,6,2,11.7105,NA,NA,NA,NA,NA,NA,NA,NA,6,1,1,8e-04,29,2,2,0.0069,NA,NA,NA,NA,NA,NA,NA,NA,NA,NA,NA,NA,NA,NA,NA,NA,NA,NA,NA,NA,NA,NA,NA,NA,NA,NA,NA,NA,NA,NA,NA,NA,NA,NA,NA,NA
"25","Mammalia","Homo sapiens","Homo sapiens",45939,45939,1672,3,2,0.2961,320,5,3,0.7729,383,6,4,0.0851,9,2,2,0.0013,126,2,2,0.0299,NA,NA,NA,NA,2103,5,3,0.7355,104,1,1,0.0334,12912,6,2,5.4172,80,1,1,8.5561,25685,12,4,44.2852,2501,4,3,2.0461,23,1,1,100,21,1,1,100
"26","Actinopteri","Hoplias intermedius","Hoplias intermedius",549244,549244,97319,8,2,17.2345,19691,1,1,47.5582,74908,2,2,16.6393,202208,8,4,28.2841,45301,2,2,10.7663,19461,4,2,3.7727,9701,1,1,3.3926,64184,8,3,20.602,2206,1,1,0.9255,40,1,1,4.2781,48,1,1,0.0828,14177,6,2,11.5986,NA,NA,NA,NA,NA,NA,NA,NA
"27","Actinopteri","Hoplias malabaricus","Hoplias malabaricus",13605,13605,2256,2,2,0.3995,NA,NA,NA,NA,NA,NA,NA,NA,NA,NA,NA,NA,6,1,1,0.0014,NA,NA,NA,NA,3649,2,2,1.2761,52,2,2,0.0167,7565,2,2,3.1739,40,1,1,4.2781,NA,NA,NA,NA,37,1,1,0.0303,NA,NA,NA,NA,NA,NA,NA,NA
"28","Mammalia","Hydrochaeris hydrochaeris","Hydrochaeris hydrochaeris",44796,44796,169,2,2,0.0299,NA,NA,NA,NA,5979,4,2,1.3281,5668,2,2,0.7928,127,2,2,0.0302,NA,NA,NA,NA,239,2,1,0.0836,32572,7,3,10.4551,20,1,1,0.0084,5,1,1,0.5348,6,1,1,0.0103,11,1,1,0.009,NA,NA,NA,NA,NA,NA,NA,NA
"29","Actinopteri","Hypostomus sp.","Hypostomus affinis",22416,22416,NA,NA,NA,NA,NA,NA,NA,NA,NA,NA,NA,NA,NA,NA,NA,NA,NA,NA,NA,NA,NA,NA,NA,NA,13920,6,2,4.8681,7,1,1,0.0022,8468,2,1,3.5528,NA,NA,NA,NA,9,1,1,0.0155,12,1,1,0.0098,NA,NA,NA,NA,NA,NA,NA,NA
"30","Actinopteri","Leporellus vittatus","Leporellus vittatus",14,14,NA,NA,NA,NA,NA,NA,NA,NA,4,1,1,9e-04,NA,NA,NA,NA,4,1,1,0.001,NA,NA,NA,NA,NA,NA,NA,NA,NA,NA,NA,NA,NA,NA,NA,NA,NA,NA,NA,NA,6,1,1,0.0103,NA,NA,NA,NA,NA,NA,NA,NA,NA,NA,NA,NA
"31","Actinopteri","Leporinus sp.","Leporinus affinis",9,12392,NA,NA,NA,NA,NA,NA,NA,NA,NA,NA,NA,NA,NA,NA,NA,NA,NA,NA,NA,NA,NA,NA,NA,NA,NA,NA,NA,NA,NA,NA,NA,NA,NA,NA,NA,NA,NA,NA,NA,NA,9,1,1,0.0155,NA,NA,NA,NA,NA,NA,NA,NA,NA,NA,NA,NA
"32","Actinopteri","Leporinus sp.","Leporinus copelandii",5608,12392,NA,NA,NA,NA,NA,NA,NA,NA,NA,NA,NA,NA,NA,NA,NA,NA,NA,NA,NA,NA,NA,NA,NA,NA,5604,1,1,1.9598,NA,NA,NA,NA,4,1,1,0.0017,NA,NA,NA,NA,NA,NA,NA,NA,NA,NA,NA,NA,NA,NA,NA,NA,NA,NA,NA,NA
"33","Actinopteri","Leporinus sp.","Leporinus crassilabris",2602,12392,2602,4,4,0.4608,NA,NA,NA,NA,NA,NA,NA,NA,NA,NA,NA,NA,NA,NA,NA,NA,NA,NA,NA,NA,NA,NA,NA,NA,NA,NA,NA,NA,NA,NA,NA,NA,NA,NA,NA,NA,NA,NA,NA,NA,NA,NA,NA,NA,NA,NA,NA,NA,NA,NA,NA,NA
"34","Actinopteri","Leporinus sp.","Leporinus octofasciatus",92,12392,NA,NA,NA,NA,NA,NA,NA,NA,75,2,2,0.0167,17,2,2,0.0024,NA,NA,NA,NA,NA,NA,NA,NA,NA,NA,NA,NA,NA,NA,NA,NA,NA,NA,NA,NA,NA,NA,NA,NA,NA,NA,NA,NA,NA,NA,NA,NA,NA,NA,NA,NA,NA,NA,NA,NA
"35","Actinopteri","Leporinus sp.","Leporinus piau",36,12392,NA,NA,NA,NA,NA,NA,NA,NA,8,1,1,0.0018,NA,NA,NA,NA,28,2,2,0.0067,NA,NA,NA,NA,NA,NA,NA,NA,NA,NA,NA,NA,NA,NA,NA,NA,NA,NA,NA,NA,NA,NA,NA,NA,NA,NA,NA,NA,NA,NA,NA,NA,NA,NA,NA,NA
"36","Actinopteri","Leporinus sp.","Leporinus reinhardti",85,12392,NA,NA,NA,NA,NA,NA,NA,NA,21,2,2,0.0047,31,2,2,0.0043,33,2,2,0.0078,NA,NA,NA,NA,NA,NA,NA,NA,NA,NA,NA,NA,NA,NA,NA,NA,NA,NA,NA,NA,NA,NA,NA,NA,NA,NA,NA,NA,NA,NA,NA,NA,NA,NA,NA,NA
"37","Actinopteri","Leporinus sp.","Leporinus steindachneri",3960,12392,3960,4,2,0.7013,NA,NA,NA,NA,NA,NA,NA,NA,NA,NA,NA,NA,NA,NA,NA,NA,NA,NA,NA,NA,NA,NA,NA,NA,NA,NA,NA,NA,NA,NA,NA,NA,NA,NA,NA,NA,NA,NA,NA,NA,NA,NA,NA,NA,NA,NA,NA,NA,NA,NA,NA,NA
"38","Actinopteri","Lophiosilurus alexandri","Lophiosilurus alexandri",2499,2499,NA,NA,NA,NA,NA,NA,NA,NA,NA,NA,NA,NA,NA,NA,NA,NA,NA,NA,NA,NA,NA,NA,NA,NA,NA,NA,NA,NA,NA,NA,NA,NA,2499,1,1,1.0485,NA,NA,NA,NA,NA,NA,NA,NA,NA,NA,NA,NA,NA,NA,NA,NA,NA,NA,NA,NA
"39","Actinopteri","Megaleporinus sp.","Megaleporinus garmani",10227,10227,NA,NA,NA,NA,NA,NA,NA,NA,3,1,1,7e-04,NA,NA,NA,NA,NA,NA,NA,NA,7,1,1,0.0014,5,1,1,0.0017,62,1,1,0.0199,10108,2,1,4.2408,17,1,1,1.8182,NA,NA,NA,NA,25,1,1,0.0205,NA,NA,NA,NA,NA,NA,NA,NA
"40","Actinopteri","Moenkhausia costae","Moenkhausia costae",267344,267344,264618,25,2,46.862,2457,1,1,5.9342,14,1,1,0.0031,31,2,2,0.0043,221,2,2,0.0525,3,1,1,6e-04,NA,NA,NA,NA,NA,NA,NA,NA,NA,NA,NA,NA,NA,NA,NA,NA,NA,NA,NA,NA,NA,NA,NA,NA,NA,NA,NA,NA,NA,NA,NA,NA
"41","Actinopteri","Myleus micans","Myleus micans",137,137,NA,NA,NA,NA,NA,NA,NA,NA,NA,NA,NA,NA,137,2,2,0.0192,NA,NA,NA,NA,NA,NA,NA,NA,NA,NA,NA,NA,NA,NA,NA,NA,NA,NA,NA,NA,NA,NA,NA,NA,NA,NA,NA,NA,NA,NA,NA,NA,NA,NA,NA,NA,NA,NA,NA,NA
"42","Aves","Nannopterum brasilianus","Nannopterum brasilianus",5,5,5,2,2,9e-04,NA,NA,NA,NA,NA,NA,NA,NA,NA,NA,NA,NA,NA,NA,NA,NA,NA,NA,NA,NA,NA,NA,NA,NA,NA,NA,NA,NA,NA,NA,NA,NA,NA,NA,NA,NA,NA,NA,NA,NA,NA,NA,NA,NA,NA,NA,NA,NA,NA,NA,NA,NA
"43","Actinopteri","Odontostilbe sp.","Odontostilbe sp",10204,12019,NA,NA,NA,NA,NA,NA,NA,NA,NA,NA,NA,NA,NA,NA,NA,NA,NA,NA,NA,NA,NA,NA,NA,NA,396,1,1,0.1385,NA,NA,NA,NA,9808,6,3,4.115,NA,NA,NA,NA,NA,NA,NA,NA,NA,NA,NA,NA,NA,NA,NA,NA,NA,NA,NA,NA
"44","Actinopteri","Odontostilbe sp.","Serrapinnus heterodon",1815,12019,NA,NA,NA,NA,NA,NA,NA,NA,NA,NA,NA,NA,NA,NA,NA,NA,NA,NA,NA,NA,NA,NA,NA,NA,NA,NA,NA,NA,NA,NA,NA,NA,1815,1,1,0.7615,NA,NA,NA,NA,NA,NA,NA,NA,NA,NA,NA,NA,NA,NA,NA,NA,NA,NA,NA,NA
"45","Actinopteri","Oligosarcus argenteus","Oligosarcus argenteus",3944,3944,NA,NA,NA,NA,NA,NA,NA,NA,NA,NA,NA,NA,NA,NA,NA,NA,NA,NA,NA,NA,NA,NA,NA,NA,NA,NA,NA,NA,NA,NA,NA,NA,3916,2,1,1.643,NA,NA,NA,NA,11,1,1,0.019,17,1,1,0.0139,NA,NA,NA,NA,NA,NA,NA,NA
"46","Actinopteri","Opisthonema sp.","Opisthonema libertate",530,530,NA,NA,NA,NA,NA,NA,NA,NA,NA,NA,NA,NA,NA,NA,NA,NA,NA,NA,NA,NA,NA,NA,NA,NA,530,1,1,0.1853,NA,NA,NA,NA,NA,NA,NA,NA,NA,NA,NA,NA,NA,NA,NA,NA,NA,NA,NA,NA,NA,NA,NA,NA,NA,NA,NA,NA
"47","Actinopteri","Oreochromis niloticus","Oreochromis niloticus",30858,39155,NA,NA,NA,NA,NA,NA,NA,NA,14324,2,2,3.1818,1285,2,2,0.1797,76,2,2,0.0181,282,2,2,0.0547,3306,2,2,1.1562,20,1,1,0.0064,11354,3,1,4.7636,27,1,1,2.8877,166,2,2,0.2862,18,1,1,0.0147,NA,NA,NA,NA,NA,NA,NA,NA
"48","Actinopteri","Oreochromis niloticus","Oreochromis sp.",8297,39155,NA,NA,NA,NA,NA,NA,NA,NA,5414,3,2,1.2026,2562,3,2,0.3584,181,2,2,0.043,140,2,2,0.0271,NA,NA,NA,NA,NA,NA,NA,NA,NA,NA,NA,NA,NA,NA,NA,NA,NA,NA,NA,NA,NA,NA,NA,NA,NA,NA,NA,NA,NA,NA,NA,NA
"49","Mammalia","Oryctolagus cuniculus","Oryctolagus cuniculus",253,253,NA,NA,NA,NA,NA,NA,NA,NA,NA,NA,NA,NA,NA,NA,NA,NA,56,2,2,0.0133,NA,NA,NA,NA,197,1,1,0.0689,NA,NA,NA,NA,NA,NA,NA,NA,NA,NA,NA,NA,NA,NA,NA,NA,NA,NA,NA,NA,NA,NA,NA,NA,NA,NA,NA,NA
"50","Actinopteri","Pachyurus squamipennis","Pachyurus squamipennis",93,93,NA,NA,NA,NA,NA,NA,NA,NA,12,2,2,0.0027,12,1,1,0.0017,69,2,2,0.0164,NA,NA,NA,NA,NA,NA,NA,NA,NA,NA,NA,NA,NA,NA,NA,NA,NA,NA,NA,NA,NA,NA,NA,NA,NA,NA,NA,NA,NA,NA,NA,NA,NA,NA,NA,NA
"51","Aves","Penelope pileata","Penelope pileata",4,4,NA,NA,NA,NA,NA,NA,NA,NA,NA,NA,NA,NA,NA,NA,NA,NA,NA,NA,NA,NA,NA,NA,NA,NA,NA,NA,NA,NA,NA,NA,NA,NA,NA,NA,NA,NA,NA,NA,NA,NA,NA,NA,NA,NA,4,1,1,0.0033,NA,NA,NA,NA,NA,NA,NA,NA
"52","Actinopteri","Piabina argentea","Piabina argentea",2269,2269,16,1,1,0.0028,NA,NA,NA,NA,NA,NA,NA,NA,6,1,1,8e-04,NA,NA,NA,NA,NA,NA,NA,NA,NA,NA,NA,NA,NA,NA,NA,NA,2247,1,1,0.9427,NA,NA,NA,NA,NA,NA,NA,NA,NA,NA,NA,NA,NA,NA,NA,NA,NA,NA,NA,NA
"53","Actinopteri","Pimelodus sp.","Iheringichthys labrosus",42,7802,NA,NA,NA,NA,NA,NA,NA,NA,NA,NA,NA,NA,NA,NA,NA,NA,42,2,2,0.01,NA,NA,NA,NA,NA,NA,NA,NA,NA,NA,NA,NA,NA,NA,NA,NA,NA,NA,NA,NA,NA,NA,NA,NA,NA,NA,NA,NA,NA,NA,NA,NA,NA,NA,NA,NA
"54","Actinopteri","Pimelodus sp.","Pimelodus albicans",32,7802,NA,NA,NA,NA,NA,NA,NA,NA,NA,NA,NA,NA,NA,NA,NA,NA,32,2,2,0.0076,NA,NA,NA,NA,NA,NA,NA,NA,NA,NA,NA,NA,NA,NA,NA,NA,NA,NA,NA,NA,NA,NA,NA,NA,NA,NA,NA,NA,NA,NA,NA,NA,NA,NA,NA,NA
"55","Actinopteri","Pimelodus sp.","Pimelodus fur",34,7802,NA,NA,NA,NA,NA,NA,NA,NA,27,2,2,0.006,NA,NA,NA,NA,7,1,1,0.0017,NA,NA,NA,NA,NA,NA,NA,NA,NA,NA,NA,NA,NA,NA,NA,NA,NA,NA,NA,NA,NA,NA,NA,NA,NA,NA,NA,NA,NA,NA,NA,NA,NA,NA,NA,NA
"56","Actinopteri","Pimelodus sp.","Pimelodus maculatus",7539,7802,NA,NA,NA,NA,NA,NA,NA,NA,74,2,2,0.0164,NA,NA,NA,NA,15,1,1,0.0036,19,2,2,0.0037,99,1,1,0.0346,106,1,1,0.034,6932,2,1,2.9083,121,1,1,12.9412,88,1,1,0.1517,85,1,1,0.0695,NA,NA,NA,NA,NA,NA,NA,NA
"57","Actinopteri","Pimelodus sp.","Pimelodus mysteriosus",155,7802,NA,NA,NA,NA,NA,NA,NA,NA,11,1,1,0.0024,34,2,2,0.0048,110,2,2,0.0261,NA,NA,NA,NA,NA,NA,NA,NA,NA,NA,NA,NA,NA,NA,NA,NA,NA,NA,NA,NA,NA,NA,NA,NA,NA,NA,NA,NA,NA,NA,NA,NA,NA,NA,NA,NA
"58","Actinopteri","Poecilia latipinna","Poecilia latipinna",91,91,NA,NA,NA,NA,NA,NA,NA,NA,NA,NA,NA,NA,NA,NA,NA,NA,NA,NA,NA,NA,NA,NA,NA,NA,11,1,1,0.0038,15,1,1,0.0048,26,1,1,0.0109,12,1,1,1.2834,14,1,1,0.0241,13,1,1,0.0106,NA,NA,NA,NA,NA,NA,NA,NA
"59","Actinopteri","Poecilia reticulata","Poecilia reticulata",6417,6417,561,2,2,0.0993,18,1,1,0.0435,1979,2,2,0.4396,913,2,2,0.1277,163,2,2,0.0387,33,2,2,0.0064,18,1,1,0.0063,NA,NA,NA,NA,2732,2,2,1.1462,NA,NA,NA,NA,NA,NA,NA,NA,NA,NA,NA,NA,NA,NA,NA,NA,NA,NA,NA,NA
"60","Actinopteri","Prochilodus sp.","Prochilodus argenteus",3078,48001,NA,NA,NA,NA,NA,NA,NA,NA,NA,NA,NA,NA,NA,NA,NA,NA,NA,NA,NA,NA,NA,NA,NA,NA,NA,NA,NA,NA,NA,NA,NA,NA,3078,3,1,1.2914,NA,NA,NA,NA,NA,NA,NA,NA,NA,NA,NA,NA,NA,NA,NA,NA,NA,NA,NA,NA
"61","Actinopteri","Prochilodus sp.","Prochilodus harttii",43531,48001,NA,NA,NA,NA,NA,NA,NA,NA,9,1,1,0.002,NA,NA,NA,NA,53,3,2,0.0126,NA,NA,NA,NA,36,1,1,0.0126,50,1,1,0.016,43236,9,4,18.1397,61,1,1,6.5241,42,1,1,0.0724,44,1,1,0.036,NA,NA,NA,NA,NA,NA,NA,NA
"62","Actinopteri","Prochilodus sp.","Prochilodus vimboides",1392,48001,NA,NA,NA,NA,NA,NA,NA,NA,NA,NA,NA,NA,NA,NA,NA,NA,NA,NA,NA,NA,NA,NA,NA,NA,NA,NA,NA,NA,NA,NA,NA,NA,1392,1,1,0.584,NA,NA,NA,NA,NA,NA,NA,NA,NA,NA,NA,NA,NA,NA,NA,NA,NA,NA,NA,NA
"63","Aves","Progne chalybea","Progne chalybea",19,19,NA,NA,NA,NA,NA,NA,NA,NA,19,2,2,0.0042,NA,NA,NA,NA,NA,NA,NA,NA,NA,NA,NA,NA,NA,NA,NA,NA,NA,NA,NA,NA,NA,NA,NA,NA,NA,NA,NA,NA,NA,NA,NA,NA,NA,NA,NA,NA,NA,NA,NA,NA,NA,NA,NA,NA
"64","Actinopteri","Psalidodon sp.","Astyanax cf fasciatus",16205,325079,NA,NA,NA,NA,NA,NA,NA,NA,NA,NA,NA,NA,NA,NA,NA,NA,NA,NA,NA,NA,NA,NA,NA,NA,NA,NA,NA,NA,NA,NA,NA,NA,16193,4,1,6.7938,12,1,1,1.2834,NA,NA,NA,NA,NA,NA,NA,NA,NA,NA,NA,NA,NA,NA,NA,NA
"65","Actinopteri","Psalidodon sp.","Astyanax paranae",2840,325079,NA,NA,NA,NA,NA,NA,NA,NA,2840,2,2,0.6308,NA,NA,NA,NA,NA,NA,NA,NA,NA,NA,NA,NA,NA,NA,NA,NA,NA,NA,NA,NA,NA,NA,NA,NA,NA,NA,NA,NA,NA,NA,NA,NA,NA,NA,NA,NA,NA,NA,NA,NA,NA,NA,NA,NA
"66","Actinopteri","Psalidodon sp.","Psalidodon rivularis",306034,325079,52816,10,2,9.3533,NA,NA,NA,NA,196122,8,3,43.5646,17605,4,2,2.4625,33913,5,2,8.0598,1083,4,2,0.2099,691,2,1,0.2417,3804,4,1,1.221,NA,NA,NA,NA,NA,NA,NA,NA,NA,NA,NA,NA,NA,NA,NA,NA,NA,NA,NA,NA,NA,NA,NA,NA
"67","Actinopteri","Pseudoplatystoma corruscans","Pseudoplatystoma corruscans",712,718,NA,NA,NA,NA,NA,NA,NA,NA,NA,NA,NA,NA,NA,NA,NA,NA,NA,NA,NA,NA,3,1,1,6e-04,709,1,1,0.2479,NA,NA,NA,NA,NA,NA,NA,NA,NA,NA,NA,NA,NA,NA,NA,NA,NA,NA,NA,NA,NA,NA,NA,NA,NA,NA,NA,NA
"68","Actinopteri","Pseudoplatystoma corruscans","Pseudoplatystoma reticulatum",6,718,NA,NA,NA,NA,NA,NA,NA,NA,NA,NA,NA,NA,NA,NA,NA,NA,NA,NA,NA,NA,NA,NA,NA,NA,NA,NA,NA,NA,NA,NA,NA,NA,NA,NA,NA,NA,NA,NA,NA,NA,6,1,1,0.0103,NA,NA,NA,NA,NA,NA,NA,NA,NA,NA,NA,NA
"69","Actinopteri","Pygocentrus nattereri","Pygocentrus nattereri",507,507,NA,NA,NA,NA,NA,NA,NA,NA,NA,NA,NA,NA,7,1,1,0.001,17,1,1,0.004,NA,NA,NA,NA,76,1,1,0.0266,82,1,1,0.0263,126,1,1,0.0529,83,1,1,8.877,58,1,1,0.1,58,1,1,0.0475,NA,NA,NA,NA,NA,NA,NA,NA
"70","Mammalia","Rattus rattus","Rattus rattus",10,10,NA,NA,NA,NA,NA,NA,NA,NA,NA,NA,NA,NA,NA,NA,NA,NA,NA,NA,NA,NA,NA,NA,NA,NA,10,1,1,0.0035,NA,NA,NA,NA,NA,NA,NA,NA,NA,NA,NA,NA,NA,NA,NA,NA,NA,NA,NA,NA,NA,NA,NA,NA,NA,NA,NA,NA
"71","Actinopteri","Rhamdia quelen","Rhamdia quelen",42454,42454,NA,NA,NA,NA,238,1,1,0.5748,8797,2,2,1.9541,2506,2,2,0.3505,5020,4,4,1.1931,614,2,2,0.119,18246,2,1,6.3809,6991,3,1,2.244,15,1,1,0.0063,15,2,2,1.6043,12,1,1,0.0207,NA,NA,NA,NA,NA,NA,NA,NA,NA,NA,NA,NA
"72","Actinopteri","Salminus sp.","Salminus brasiliensis",6,6,NA,NA,NA,NA,NA,NA,NA,NA,NA,NA,NA,NA,NA,NA,NA,NA,NA,NA,NA,NA,NA,NA,NA,NA,NA,NA,NA,NA,NA,NA,NA,NA,NA,NA,NA,NA,NA,NA,NA,NA,NA,NA,NA,NA,6,1,1,0.0049,NA,NA,NA,NA,NA,NA,NA,NA
"73","Actinopteri","Salmo salar","Salmo salar",1885,1885,NA,NA,NA,NA,NA,NA,NA,NA,NA,NA,NA,NA,NA,NA,NA,NA,1866,2,2,0.4435,19,1,1,0.0037,NA,NA,NA,NA,NA,NA,NA,NA,NA,NA,NA,NA,NA,NA,NA,NA,NA,NA,NA,NA,NA,NA,NA,NA,NA,NA,NA,NA,NA,NA,NA,NA
"74","Actinopteri","Schizodon knerii","Schizodon knerii",31494,31494,NA,NA,NA,NA,NA,NA,NA,NA,NA,NA,NA,NA,NA,NA,NA,NA,NA,NA,NA,NA,NA,NA,NA,NA,10,1,1,0.0035,15,1,1,0.0048,17,1,1,0.0071,20,1,1,2.139,31426,10,2,54.1837,6,1,1,0.0049,NA,NA,NA,NA,NA,NA,NA,NA
"75","Actinopteri","Serrasalmus brandtii","Serrasalmus brandtii",5766,5766,5745,2,2,1.0174,NA,NA,NA,NA,NA,NA,NA,NA,12,1,1,0.0017,9,1,1,0.0021,NA,NA,NA,NA,NA,NA,NA,NA,NA,NA,NA,NA,NA,NA,NA,NA,NA,NA,NA,NA,NA,NA,NA,NA,NA,NA,NA,NA,NA,NA,NA,NA,NA,NA,NA,NA
"76","Actinopteri","Steindachnerina elegans","Steindachnerina elegans",1297,1297,NA,NA,NA,NA,NA,NA,NA,NA,NA,NA,NA,NA,NA,NA,NA,NA,NA,NA,NA,NA,NA,NA,NA,NA,828,2,2,0.2896,NA,NA,NA,NA,469,1,1,0.1968,NA,NA,NA,NA,NA,NA,NA,NA,NA,NA,NA,NA,NA,NA,NA,NA,NA,NA,NA,NA
"77","Actinopteri","Sternopygus macrurus","Sternopygus macrurus",12,12,NA,NA,NA,NA,NA,NA,NA,NA,NA,NA,NA,NA,NA,NA,NA,NA,NA,NA,NA,NA,NA,NA,NA,NA,NA,NA,NA,NA,NA,NA,NA,NA,NA,NA,NA,NA,12,1,1,1.2834,NA,NA,NA,NA,NA,NA,NA,NA,NA,NA,NA,NA,NA,NA,NA,NA
"78","Mammalia","Sus scrofa","Sus scrofa",48368,48368,970,4,4,0.1718,NA,NA,NA,NA,255,3,3,0.0566,NA,NA,NA,NA,NA,NA,NA,NA,NA,NA,NA,NA,45258,2,2,15.8275,547,1,1,0.1756,1270,2,1,0.5328,31,1,1,3.3155,18,1,1,0.031,19,1,1,0.0155,NA,NA,NA,NA,NA,NA,NA,NA
"79","Actinopteri","Synbranchus marmoratus","Synbranchus marmoratus",1596,1596,NA,NA,NA,NA,NA,NA,NA,NA,NA,NA,NA,NA,NA,NA,NA,NA,NA,NA,NA,NA,NA,NA,NA,NA,1596,1,1,0.5581,NA,NA,NA,NA,NA,NA,NA,NA,NA,NA,NA,NA,NA,NA,NA,NA,NA,NA,NA,NA,NA,NA,NA,NA,NA,NA,NA,NA
"80","Actinopteri","Trichomycterus sp.","Trichomycterus sp.",262,262,NA,NA,NA,NA,NA,NA,NA,NA,262,2,2,0.0582,NA,NA,NA,NA,NA,NA,NA,NA,NA,NA,NA,NA,NA,NA,NA,NA,NA,NA,NA,NA,NA,NA,NA,NA,NA,NA,NA,NA,NA,NA,NA,NA,NA,NA,NA,NA,NA,NA,NA,NA,NA,NA,NA,NA
